{"wer": 0.1628307772857174, "total_time_in_seconds": 1000.7239987091161, "samples_per_second": 3.8402196859046827, "latency_in_seconds": 0.26040176911504453}